"","data.GSM545818","data.GSM545819","data.GSM545820","data.GSM545821","data.GSM545822","data.GSM545823","data.GSM545824","data.GSM545825","data.GSM545826","data.GSM545827","data.GSM545828","data.GSM545829","data.GSM545830","data.GSM545831","data.GSM545832","data.GSM545833","data.GSM545834","data.GSM545835","data.GSM545836","data.GSM545837","data.GSM545838","data.GSM545839","data.GSM545840","data.GSM545841","data.GSM545842","data.GSM545843","data.GSM545845"
"ENTREZID:1359",3.459432,3.57289,3.321928,2.292782,2.70044,2.321928,2.201634,2.608809,2.765535,4.300124,2.584963,2.608809,4.738768,2.608809,3.121015,5.719731,5.514122,6.716991,5.70044,4.842979,5.329124,6.35931,4.916477,6.199672,5.185867,5.760221,6.802193
"ENTREZID:4057",3.689299,3.523562,3.035624,6.441284,2.944858,2.944858,4.485427,3.185867,2.944858,3.446256,3.087463,2.827819,4.536053,4.1127,3,6.968091,7.16088,8.319221,7.276124,8.811535,8.256445,7.95594,5.070389,8.470862,8.020147,5.842979,8.659282
"ENTREZID:157574 /// 55893",4.744161,5.205549,5.108524,5.070389,5.357552,4.770829,5.017922,4.542258,4.371559,4.722466,4.378512,5.251719,5.596935,5.357552,5.385431,6.649615,7.336283,6.5157,6.491853,6.996615,6.632268,6.994353,6.470862,6.32373,6.392317,5.675251,5.50462
"ENTREZID:3039 /// 3040",14.518,13.87796,13.29832,11.31311,13.93836,13.38192,13.19416,13.32153,13.12242,13.40091,14.37665,11.68995,12.99663,12.70418,12.02908,15.68256,15.4853,15.37639,15.6198,15.47687,15.55651,15.47159,15.52012,15.49453,15.17201,15.19786,15.09949
"ENTREZID:50486",3.754888,6.106432,5.542258,4.944858,4.426265,5.209453,6.244126,4.902074,4.0268,4.827819,3.053111,4.1127,5.578939,3.867896,3.185867,8.010668,7.023477,7.810572,7.017922,7.788555,7.863567,6.559186,7.271463,8.753551,7.718362,7.272397,6.161888
"ENTREZID:6947",3.916477,4.529821,3.137504,3.378512,3.608809,3.620586,3.722466,3.472488,3.232661,5.940167,3.548437,3.035624,4.705978,3.247928,3.035624,5.990955,6.630813,6.754888,6.32553,5.133399,6.255501,6.185867,5.232661,7.522778,5.104337,5.495056,6.004501
"ENTREZID:100134445",7.495056,8.124121,8.596935,8.804131,8.190319,7.46842,8.186362,8.179909,7.658926,8.422906,7.93251,9.271463,8.667112,7.803485,7.645298,10.09421,9.945151,8.983279,10.053111,10.234458,10.30572,9.742478,10.809125,10.620586,9.261155,9.528845,8.883865
"ENTREZID:378938",10.97154,11.43176,11.74559,11.5396,11.18438,10.91147,11.52801,11.31939,10.9629,11.23506,11.18047,12.23793,11.648,11.60344,10.84682,14.87744,14.64485,14.1786,15.25007,15.40092,15.15329,14.8611,15.21764,15.12033,12.77643,11.53357,11.81045
"ENTREZID:3042",4.765535,4.760221,4.590961,3.689299,4.263034,3.711495,3.944858,4.678072,4.510962,4.689299,5.422906,3.689299,4.842979,3.797013,4.201634,8.105909,7.947199,6.1918,9.369597,7.361066,11.551228,6.467606,7.584963,7.635899,5.402586,6.722466,7.328226
"ENTREZID:989",5.649615,5.446256,5.937815,5.904484,5.683696,6.046578,6.013462,5.57289,6.230741,5.738768,5.620586,6.426265,5.797013,5.860466,5.705978,7.689299,7.872213,7.983564,7.414474,7.361066,7.508587,7.874674,7.247928,7.649615,6.224966,6.228819,6.143638
"ENTREZID:3045",6.953032,5.744161,5.399171,3.765535,5.820179,5.185867,4.69488,4.754888,5.141596,5.177918,8.041659,4.070389,5.145677,4.93546,4.161888,10.15089,9.559186,8.556889,9.968955,9.067972,14.498488,9.430871,9.448116,10.167293,6.416164,8.665691,8.378512
"ENTREZID:51735 /// 96459",6.997744,6.88996,7.059615,6.83289,6.72792,7.132371,6.34163,6.93546,6.990955,7.315602,6.882643,7.593951,6.137504,7.719731,6.73471,8.416586,8.451623,8.574783,7.660353,8.647818,7.968667,7.617651,8.392317,8.008429,7.583459,7.917074,7.731319
"ENTREZID:283663",6.548437,4.465974,6.259272,6.651052,7.801547,8.342964,7.361066,7.985273,6.687901,4.566815,7.138528,7.166916,5.520422,7.058533,6.836682,9.05745,10.583083,9.14083,9.48079,9.316282,9.917969,9.587402,10.100005,9.070121,8.806389,7.988117,8.415319
"ENTREZID:1178",7.552285,7.657497,6.434628,4.643856,6.490249,3.916477,6.230741,7.0917,5.872829,9.0268,5.292782,4.872829,8.824322,6.183883,5.336283,8.899357,9.306517,10.463627,9.742141,8.767191,8.613605,10.274262,8.966073,9.811696,9.561479,9.317865,10.47472
"ENTREZID:1232",3.733354,3.990955,4.008989,3.608809,3.754888,3.510962,2.944858,3.666757,3.485427,4.201634,3.472488,3.666757,3.916477,3.485427,3.217231,5.209453,4.986411,5.786596,3.57289,4.862947,4.153805,5.635174,4.791814,5.197708,4.872829,5.074677,6.100137
"ENTREZID:932",5.013462,4.89724,4.620586,5.031219,4.292782,3.432959,4.857981,4.786596,3.643856,5.529821,3.906891,4.371559,5.189825,3.485427,4.357552,5.446256,5.902074,6.548437,5.990955,5.860466,6.230741,6.668176,5.022368,6.53294,6.965784,6.548437,7.668176
"ENTREZID:3047 /// 3048",5.197708,6.649615,5.201634,3.185867,5.551516,4.852998,7.16088,5.281698,6.362821,8.056909,7.462707,4.1127,5.289097,4.314697,3.321928,9.284246,8.49865,10.382408,9.451005,9.089848,12.391942,9.024032,10.685712,10.953614,6.355792,8.033423,8.751544
"ENTREZID:285172",7.415319,7.297375,7.169925,7.16792,7.186857,7.206526,6.987548,7.59768,7.411935,7.188836,7.208478,7.633722,6.507795,7.525912,7.256445,8.816664,8.545737,7.874059,8.517669,9.027077,8.514911,8.806389,9.094342,8.759555,7.489447,7.702519,7.609548
"ENTREZID:84513",5.993221,5.733354,5.593951,5.880196,6.352264,5.986411,6.015694,5.974988,6.16792,5.209453,6.05745,5.73064,5.804776,5.599913,5.988685,6.753551,8.221104,6.704595,7.213347,6.872829,7.925999,7.599169,7.543032,7.080018,6.400879,6.346957,6.429616
"ENTREZID:115350",6.534497,3.548437,4.852998,5.517276,7.052025,7.491853,6.296457,7.194757,5.488644,3.887525,6.102238,5.137504,4.292782,5.629357,5.675251,8.180904,9.713902,8.059615,9.057992,7.785943,8.828771,9.30629,8.287712,7.476544,7.853621,7.22207,7.852998
"ENTREZID:7398",7.953032,7.846744,7.742141,7.741467,7.651052,7.745506,7.581201,7.834155,8.083213,7.760886,7.93251,8.236014,7.517276,8.140574,7.795066,9.737585,9.366978,8.906891,9.596562,10.184379,9.882949,9.480184,9.760554,9.982851,7.871597,8.268659,8.035074
"ENTREZID:1116",3.364572,3.378512,3.392317,3.765535,3.733354,3.765535,3.722466,3.405992,3.336283,3.837943,3.678072,3.560715,3.916477,3.754888,3.678072,5.773469,3.963474,4.1127,4.485427,6.584963,5.165912,5.165912,3.817623,5.32553,5.289097,5.357552,5.501439
"ENTREZID:677811",4.247928,5.972693,6.60733,5.76288,4.584963,4.981853,6.392317,5.963474,4.797013,4.754888,3.916477,5.940167,5.894818,4.620586,4.807355,7.223036,7.503826,6.21529,7.874059,7.016808,7.820179,7.021258,7.914086,8.157852,6.697663,6.795715,6.223036
"ENTREZID:7050",4.560715,4.472488,4.867896,4.716991,4.017922,3.722466,4.392317,4.590961,4.185867,3.807355,3.419539,3.70044,2.925999,3.321928,4.419539,4.705978,5.581954,5.116864,4.733354,5.100137,5.177918,5.725196,5.587965,5.213347,6.102238,5.678072,5.557655
"ENTREZID:820",4.439623,5.189825,4.638074,5.263034,4.83289,4.419539,5.181898,4.177918,4.523562,4.852998,4.137504,4.193772,5.0268,4.292782,4.72792,5.773469,5.940167,5.968091,5.520422,6.175924,5.947199,5.885086,4.882643,7.059615,6.371559,5.169925,7.187847
"ENTREZID:3495",6.055282,3.247928,5.392317,5.247928,7.330917,8.335837,6.540709,7.926593,5.916477,3.776104,6.031219,7.432124,4.807355,5.89724,6.424586,9.148477,10.759306,7.968667,10.254556,8.543805,10.023754,9.706496,9.510962,8.166916,8.557655,9.729791,7.230741
"ENTREZID:383",2.722466,2.722466,2.678072,3.510962,2.906891,2.722466,3.121015,2.678072,2.632268,2.906891,2.655352,2.70044,2.906891,2.678072,2.655352,4.517276,4.649615,4.201634,3.307429,5.053111,4.548437,4.472488,2.678072,4.887525,4.263034,2.786596,4.649615
"ENTREZID:5074",4.862947,4.560715,3.807355,4.472488,5.812498,4.749534,4.807355,3.963474,4.716991,3.608809,4.649615,4.263034,3.201634,4.842979,4.350497,5.296457,6.768184,5.995485,5.60585,5.683696,6.033423,6.499846,5.73064,5.307429,5.754888,5.173927,5.84549
"ENTREZID:8991",2.981853,2.584963,2.584963,2.560715,2.510962,2.560715,2.560715,2.560715,2.560715,2.536053,3.169925,2.584963,2.765535,2.584963,2.536053,6.055282,4.596935,5.201634,5.422906,6.011227,10.659639,5.850499,5.526695,6.972693,2.847997,4.70044,4.169925
"ENTREZID:9834",4.655352,2.169925,3.247928,3.405992,3.643856,4.201634,3.847997,5.017922,2.744161,2.169925,4.095924,4.385431,2.201634,3.392317,3.536053,5.137504,6.854245,6.011227,4.760221,4.954196,6.416164,5.749534,6.329124,5.307429,4.350497,4.995485,5.429616
"ENTREZID:212",4.968091,3.378512,3.378512,2.655352,3.121015,3.153805,2.867896,3.017922,3.137504,3,5.752213,2.405992,3.169925,3.137504,2.405992,7.703211,7.67101,6.812498,8.510171,7.520422,12.793847,6.982994,7.894818,8.343852,3.153805,6.261155,4.419539
"ENTREZID:51575",6.540709,6.957682,7.475733,7.22207,7.119979,6.748193,6.770829,6.802193,7.096979,7.012345,6.865424,7.522778,7.088523,7.158862,7.036723,8.647818,8.270529,7.951868,8.79539,9.444601,8.79279,8.421644,9.179909,9.012904,6.813781,7.461889,7.531381
"ENTREZID:3067",3.419539,3.57289,3.201634,3.185867,3.217231,3.169925,3.232661,3.247928,3.786596,4.357552,3.485427,2.981853,4.485427,3.017922,3.405992,5.517276,5.1127,4.632268,4.78136,4.104337,3.837943,5.217231,3.536053,5.314697,5.181898,5.013462,6.207502
"ENTREZID:286272",3.087463,3.247928,4.224966,2.786596,3.364572,3.321928,3.459432,4.270529,3.232661,3.277985,3.472488,3.632268,3.247928,4.044394,3.89724,5.916477,5.209453,4.523562,5.318317,5.251719,5.536053,4.852998,5.842979,6.015694,3.121015,4.392317,4.270529
"ENTREZID:27075",8.235057,7.185867,7.844235,8.03177,8.316055,7.668176,7.856114,8.061236,8.071462,6.88996,8.163398,7.402586,7.376777,8.212375,7.991522,8.691395,10.180904,8.802839,9.785452,9.15861,10.368725,9.743993,9.460251,9.191059,8.740455,7.886916,8.396605
"ENTREZID:54881",3.857981,3.560715,3.867896,4.285402,3.807355,3.689299,4.095924,4.1127,3.57289,3.857981,3.643856,3.916477,4.129283,4.0268,3.510962,6.055282,5.830357,5.285402,5.177918,6.840463,6.646739,5.925999,6.67948,6.32553,4.300124,3.666757,4.053111
"ENTREZID:933",5.70044,4.446256,5.145677,5.510962,6.733354,7.094869,6.185867,6.870365,6.031219,3.877744,5.714246,5.108524,4.169925,5.703211,5.867896,7.312883,8.948659,7.052025,8.357552,7.584963,8.689649,8.012345,7.92303,7.162895,6.923625,6.521993,6.97728
"ENTREZID:51639",4.104337,3.405992,3.744161,3.916477,3.944858,3.744161,3.877744,3.963474,3.419539,3.536053,3.446256,3.405992,3.405992,3.485427,3.954196,4.153805,5.520422,3.432959,4.940167,4.285402,4.733354,4.596935,5.36807,5.436295,4.760221,5.236493,4.399171
"ENTREZID:29802",5.378512,3.378512,3.887525,5.263034,6.074677,4.968091,4.930737,4.584963,4.008989,3.185867,5.378512,3.548437,4.446256,4.776104,4.491853,5.97728,7.590213,5.587965,7.462707,6.078951,7.36807,6.76686,6.786596,5.149747,6.485427,5.405992,6.207502
"ENTREZID:100506653 /// 3178",7.289097,7.866661,7.824004,7.793116,7.458612,7.93487,8.125155,7.948367,7.974415,7.46842,7.505415,7.608809,8.026247,7.493455,7.086402,8.67631,9.780376,8.071462,9.100137,7.920651,8.28494,8.075212,9.525912,9.573837,8.574026,9.024863,8.633722
"ENTREZID:55437",7.453682,7.436295,7.444601,7.078951,7.523562,7.276124,7.277055,7.260214,7.394034,7.123087,7.661065,7.201634,7.582707,7.566054,7.278914,9.584963,9.464546,8.661065,9.174926,9.162391,12.269565,9.097505,9.227857,9.584963,7.332708,8.348286,7.996615
"ENTREZID:3576",3.392317,8.076281,8.174926,5.510962,4.542258,4.655352,6.296457,5.217231,5.53294,2.807355,3.744161,4.343408,5.439623,3.548437,3.104337,8.474923,8.071462,9.737923,7.0268,8.513333,8.348728,6.925999,7.61912,8.32328,7.201634,7.484622,7.283551
"ENTREZID:1879",5.285402,2.608809,3.744161,4.364572,5.804776,6.584963,4.93546,6.199672,4.145677,2.867896,4.666757,4.465974,3.596935,5.259272,4.807355,6.549977,7.567576,6.33985,6.974988,6.221104,7.558421,6.432959,6.871597,6.287251,6.08534,5.981853,6.837943
"ENTREZID:27099",5.300124,5.289097,5.498251,5.581954,4.57289,4.602884,5.133399,5.255501,5.169925,5.035624,5.205549,5.697663,5.066089,4.666757,5.539159,6.768184,5.791814,6.296457,5.768184,7.677367,5.78398,5.587965,6.397461,5.82273,6.059615,6.053111,6.412782
"ENTREZID:8028",6.395748,6.429616,6.292782,6.357552,6.383704,5.956521,6.177918,6.495056,6.199672,6.60733,6.255501,6.357552,5.617651,6.485427,5.855491,8.208478,7.711495,7.180904,8.003939,8.432959,7.646739,7.875289,8.055825,8.154312,6.217231,6.354029,6.292782
"ENTREZID:8115",6.638074,5.205549,6.624978,7.48784,7.320124,7.320124,7.148731,7.041112,6.224966,5.719731,7.376777,6.537607,6.238405,6.321928,6.514122,8.346957,10.186486,7.601399,9.603626,8.647818,9.999013,9.864186,8.715962,7.761551,8.983564,6.376777,7.651769
"ENTREZID:79368",6.61912,3.292782,4.432959,5.804776,6.758889,7.236493,6.145677,7.186857,5.381975,4.277985,5.563768,5.129283,4.72792,5.968091,5.675251,7.73064,8.556123,7.260214,7.763544,7.702519,8.227375,8.102238,8.024032,7.080018,6.768184,6.769507,7.159871
"ENTREZID:55536",7.194757,5.469235,6.74685,5.84549,7.014578,7.174926,6.232661,6.795715,6.726559,5.860466,7.174926,6.575917,7.244126,7.613974,6.997744,7.912889,8.960581,7.820179,8.179412,7.750205,9.11244,7.982994,8.627534,8.401733,7.330917,7.025693,7.514911
"ENTREZID:3574",4.292782,3.392317,3.722466,4.802193,4.292782,4.300124,3.786596,3.906891,3.596935,3.596935,3.722466,4.478972,4.044394,3.944858,3.722466,5.0268,5.708739,4.744161,5.725196,5.744161,5.84549,6.493455,5.725196,6.020147,3.70044,4.649615,4.209453
"ENTREZID:64332",8.311975,9.311067,9.37656,8.847997,8.587215,8.383704,8.539159,8.327328,8.088523,8.695576,8.613605,8.858603,9.128768,8.571753,8.235536,10.727665,10.35447,9.698357,11.083147,11.424114,10.809125,10.151143,11.355571,10.698878,8.577806,8.831941,8.805421
"ENTREZID:29123",2.536053,4.053111,5.129283,4.292782,4.137504,3.035624,3.321928,3.972693,2.981853,3.990955,3.548437,5.228819,5.307429,4.802193,2.432959,7.10957,6.350497,5.984134,6.696272,7.882032,6.509379,6.665336,7.6858,7.654636,4.343408,4.498251,4.1127
"ENTREZID:4929",5.958843,6.116864,7.333603,5.882643,4.517276,4.510962,6.145677,5.736064,5.436295,5.247928,3.137504,3.887525,5.296457,4.791814,3.827819,6.736064,6.369815,7.809929,7.451211,6.936638,8.592083,6.307429,7.282625,8.084277,6.841722,7.041112,6.61912
"ENTREZID:25780",5.862947,4.689299,4.185867,5.649615,5.84549,6.157852,5.632268,5.963474,5.289097,4.405992,5.736064,5.744161,5.004501,4.70044,5.125155,6.137504,7.234578,6.467606,6.8009,6.366322,7.45697,6.969243,7.121015,6.251719,5.944858,5.92837,6.042207
"ENTREZID:5796",2.887525,1.887525,2.786596,2.786596,3.459432,3.827819,2.765535,3.307429,2.786596,2.350497,3,2.786596,2.321928,3.307429,2.807355,4.754888,5.872829,3.776104,4.129283,4.770829,6.263034,5,4.791814,4,3.944858,2.765535,3.307429
"ENTREZID:10863",7.269594,5.93546,6.517276,6.307429,7.388017,7.844863,7.269594,7.611763,6.786596,6.369815,7.180904,6.517276,6.997744,6.397461,6.899659,7.498251,8.510171,7.934281,8.411935,7.569856,7.979568,8.392317,8.104337,7.853621,7.655352,7.305606,7.553821
"ENTREZID:4345",2.722466,2.510962,2.536053,3.201634,3.232661,3.247928,2.786596,3.217231,3.217231,2.678072,3.217231,3.217231,3.247928,3.217231,2.510962,3.754888,5.678072,3.432959,4.986411,4.385431,5.426265,5.259272,4.169925,3.405992,3.620586,3.232661,3.877744
"ENTREZID:5026",8.333603,6.472488,7.33539,7.689299,8.910493,9.705805,8.17742,9.293472,7.714932,6.79831,7.754219,7.644577,7.566054,7.951285,7.547666,9.47472,10.645388,9.415108,10.528552,9.396605,10.156462,9.980854,9.295769,8.841407,9.047124,8.990955,8.648897
"ENTREZID:1380",4.906891,4.817623,4.827819,5.678072,5.678072,5.716991,4.847997,5.469235,4.986411,4.827819,5.672425,4.733354,4.842979,5.459432,5.449561,6.571373,7.988685,5.944858,6.042207,7.216261,7.908092,6.860466,5.830357,5.776104,5.776104,5.683696,6.187847
"ENTREZID:574028",4.478972,3.916477,4.044394,4.153805,4.930737,6.004501,5.031219,5.560715,4.169925,3.867896,4.336283,4.321928,3.93546,4.399171,3.990955,5.392317,6.543805,5.672425,5.658211,5.918863,7.113742,6.305606,5.270529,5.354029,4.990955,5.193772,5.809929
"ENTREZID:619505",3.121015,3.121015,3.981853,3.536053,3.185867,3.765535,3.608809,3.990955,3.498251,3.321928,3.827819,3.560715,3.201634,3.744161,3.277985,3.722466,4.930737,4.129283,5.786596,4.277985,5.626439,3.608809,5.554589,6.462707,4.459432,5.303781,4.153805
"ENTREZID:23347",6.432959,6.65392,6.205549,6.16792,6.429616,6.236493,6.221104,6.394034,6.044394,6.528259,6.165912,6.753551,6.244126,6.669594,6.253611,9.430453,9.117643,8.159871,9.721612,10.145423,9.959712,9.076014,10.303324,9.966505,6.451211,5.768184,5.88996
"ENTREZID:55024",7.565293,6.587965,6.512543,7.15583,8.270996,8.582707,7.712871,8.602513,7.358431,5.300124,7.586465,7.0268,6.537607,7.020147,6.956521,8.570615,10.034799,8.421223,8.863257,8.632632,9.340295,9.169675,8.581954,8.472082,8.174926,8.174926,8.690347
"ENTREZID:51621",5.773469,6.125155,6.668176,6.139551,6.127221,5.760221,6.480588,5.744161,5.711495,6.661065,6.002252,6.812498,5.799605,5.914086,5.9331,8.695576,7.625709,7.224966,8.708739,9.032597,8.127736,8.847684,8.533719,8.055282,6.546894,6.147714,5.584963
"ENTREZID:11171",3.70044,4.232661,4.307429,4,4.104337,4.095924,4.017922,4.314697,3.916477,4.008989,3.972693,4.292782,4.321928,4.008989,4.224966,6.769507,6.73064,4.655352,6.841722,7.968091,8.169424,6.3733,8.728261,8.663914,4.087463,4.321928,4.247928
"ENTREZID:546",5.669594,5.954196,6.847997,6.61471,6.015694,5.862947,5.491853,5.247928,5.812498,6.048759,5.736064,7.010108,6.394034,5.773469,5.449561,8.474923,7.725877,6.931919,7.599169,9.683872,8.663914,7.719047,9.536442,8.98982,6.452859,6.439623,5.882643
"ENTREZID:55285",5.88996,6.303781,6.002252,6.035624,6.098032,6.514122,6.488644,6.149747,6.066089,6.246028,6.268659,6.311067,6.846744,6.301953,6.118941,7.874059,7.499049,6.899659,7.61912,7.84235,7.572132,7.459432,8.008429,7.787903,6.161888,6.078951,6.292782
"ENTREZID:100506653",7.316508,7.265849,7.344296,7.198691,7.334497,7.3733,7.44791,7.590213,7.423746,7.251719,7.616181,7.362821,5.436295,7.828454,7.425426,8.384568,9.129283,8.015136,8.410239,7.576673,7.745506,7.667466,8.514911,8.322379,8.375474,8.807355,8.629721
"ENTREZID:84824",7.174926,4.705978,5.554589,6.424586,7.621319,8.640245,6.874059,8.270996,6.314697,5.133399,7.096979,5.877744,5.703211,6.266787,6.157852,8.028459,9.479174,8.081617,8.946029,8.307429,9.339627,8.496255,8.411935,7.776762,7.837313,7.581201,7.941928
"ENTREZID:1088",3.232661,2.765535,2.608809,5.778734,2.536053,2.655352,4.0268,2.432959,2.584963,2.807355,2.744161,2.378512,3.070389,2.405992,2.510962,5.157852,3.972693,6.076816,3.797013,6.50462,6.477354,4.802193,2.786596,6.827819,6.426265,3.536053,6.501439
"ENTREZID:51327",4.240314,4.364572,3.655352,3.733354,4.035624,3.70044,3.666757,3.689299,3.89724,4.061776,4.364572,3.432959,3.459432,3.887525,3.711495,6.21529,5.770829,5.825277,6.687901,5.419539,10.961522,6.392317,5.719731,5.997744,4.044394,4.930737,5.197708
"ENTREZID:917",7.629357,6.826548,7.33539,8.127736,8.021813,7.512543,6.632268,7.234578,8.245077,7.911092,7.533719,8.505812,7.535275,8.151778,7.096979,8.960871,8.899357,8.870056,9.227857,9.761053,9.141341,8.858292,9.377427,9.536636,7.563768,8.01402,7.735387
"ENTREZID:441461",7.449561,7.288174,7.146696,7.582707,7.744834,7.650334,7.451211,7.292782,7.293702,7.491853,7.213347,7.406843,7.213347,7.261155,7.196725,8.543419,7.843607,8.284014,8.735048,8.414474,10.793847,8.310158,8.310158,8.555356,7.675251,8.069853,7.90147
"ENTREZID:23325",8.075747,8.345183,7.834787,7.503826,7.755555,7.665336,7.83605,7.782015,7.801547,8.037821,8.436295,8.161384,7.696968,7.927778,8.105909,10.478669,10.210184,8.99859,9.927778,10.922807,10.399064,10.285402,10.543322,10.584963,7.48784,7.696272,7.790511
"ENTREZID:66008",6.854245,7.48301,7.615446,7.587965,7.46679,7.05745,7.240314,6.73471,7.011227,7.388017,6.906891,8.102238,7.95594,7.083213,6.60585,8.776104,9.007308,7.81314,9.166414,8.912291,10.160124,8.397889,9.543032,9.039193,7.077884,7.621319,7.657497
"ENTREZID:969",9.646199,9.733693,9.62315,9.956812,9.40152,10.028735,9.956812,9.672072,9.862327,9.651949,9.179412,9.721099,9.478163,9.421223,9.190565,10.280655,11.81334,9.826072,11.604229,10.029563,10.278566,9.675428,11.343963,11.630586,10.046169,10.984205,10.858214
"ENTREZID:28387",3.776104,3.277985,3.485427,3.70044,4.285402,4.247928,4.044394,3.584963,3.548437,3.877744,3.972693,3.744161,3.655352,3.963474,3.643856,4.83289,5.277985,4.491853,5.149747,5.357552,6.523562,5.88996,4.044394,4.472488,4.542258,3.990955,4
"ENTREZID:57223",3.711495,4.405992,3.906891,3.807355,4.193772,3.378512,3.765535,3.867896,4.053111,4,3.906891,3.419539,4.300124,3.807355,3.807355,5.1127,6.34163,4.336283,5.201634,4.412782,4.760221,3.797013,6.081084,6.470862,3.877744,5.719731,5.405992
"ENTREZID:26228",6.095924,5.514122,5.916477,5.608809,6.482203,6.786596,5.551516,6.203593,5.422906,4.89724,5.381975,5.149747,4.802193,6.221104,6.183883,6.860466,8.405992,5.765535,7.660353,6.818902,7.654636,6.874059,7.706669,6.633722,6.545351,6.287251,6.714246
"ENTREZID:1667 /// 1668 /// 728358",9.466994,7.111657,7.356672,12.384811,8.213833,6.34163,10.517177,5.121015,4.678072,6.851749,7.520422,6.531381,10.36927,7.43796,8.147714,12.136414,10.250298,11.580211,10.242698,11.888249,12.533549,11.85132,8.527086,11.845255,13.229239,9.242936,12.850285
"ENTREZID:1958",2.405992,3.364572,3.217231,2.887525,2.655352,2.510962,3.392317,3.560715,3.035624,2.405992,3.307429,3.292782,3.472488,2.632268,2.678072,2.925999,3.57289,6.118941,6.36807,3.017922,6.089583,5.678072,4.137504,4.852998,3.786596,4.371559,4.292782
"ENTREZID:9360",7.708049,8.22207,8.820179,8.67772,8.590961,8.050937,8.302867,8.078418,7.864805,8.514911,8.046578,8.864496,8.417853,8.764208,7.953614,10.156462,9.742141,8.627899,9.521404,10.795715,10.178291,9.769011,10.24484,10.121145,8.216746,8.622418,8.263973
"ENTREZID:2038",3.620586,3.498251,3.510962,3.498251,3.536053,3.596935,3.498251,3.432959,3.498251,3.620586,3.608809,3.498251,3.472488,3.446256,3.608809,7.105385,6.020147,5.087463,5.587965,6.402586,10.752715,5.74685,5.173927,6.536053,3.620586,4.1127,3.744161
"ENTREZID:6328",3.857981,2.827819,2.963474,3.017922,3.472488,3.392317,3.485427,3,2.887525,3,2.925999,2.847997,2.887525,2.963474,2.944858,2.944858,6.61912,3.053111,5.121015,4.177918,5.638074,4.638074,6.08534,3.744161,5.289097,3.247928,4.776104
"ENTREZID:694",6.266787,6.431289,6.903279,6.157852,5.92837,6.400879,6.604368,6.334497,6.330917,6.419539,5.33985,6.318317,6.431289,6.457791,5.791814,7.447083,8.675251,6.141596,7.330917,7.002252,7.082149,6.478972,8.309249,8.321928,6.761551,7.309249,7.066089
"ENTREZID:3507",11.892201,9.285171,9.218442,9.797337,11.620861,11.989785,10.664892,11.469998,10.225328,9.110353,10.619486,8.658211,10.177793,10.631359,10.674104,12.87454,13.545954,11.991628,13.087612,11.594744,12.305435,12.869787,12.181773,11.143256,11.85553,10.954196,11.213165
"ENTREZID:7150",6.221104,6.462707,6.061776,5.974988,6.327328,5.791814,5.965784,5.632268,5.942515,5.683696,5.842979,6.106432,5.388878,6.083213,6.276124,7.563768,6.850499,6.34163,7.802839,8.053654,8.346957,7.432124,8.102238,7.725196,5.791814,6.151778,5.815063
"ENTREZID:100132406 /// 100288142 /// 55672",8.393176,8.405141,7.741467,7.51885,7.787903,8.217231,8.044394,8.192786,7.999436,8.538383,8.387587,7.526695,7.429616,8.376342,8.54728,9.73843,9.240791,8.895727,9.033698,10.420908,9.27123,9.328899,10.206038,9.379595,7.74685,8.142107,8.405141
"ENTREZID:2153",4.385431,6.536053,6.175924,5.498251,5.596935,5.432959,6.081084,4.882643,5.125155,5.9331,6.277985,6.159871,6.383704,4.852998,4.972693,7.927778,7.273329,6.449561,7.123087,9.060155,7.274262,8.201144,7.752213,8.047124,6.129283,5.827819,5.318317
"ENTREZID:5552",6.89845,10.576579,10.121145,8.304237,8.520422,8.560333,10.011087,9.811535,9.392103,7.894211,6.020147,8.549977,8.569856,6.902074,8.30515,9.756723,9.722637,10.296457,10.82631,10.488443,10.902224,11.166226,10.590026,10.794903,10.355792,10.3548,9.531186
"ENTREZID:971",6.390599,4.472488,5.087463,5.988685,6.640968,8.51885,6.217231,7.914684,5.9331,5.336283,5.9331,5.485427,5.121015,5.93546,5.925999,7.668176,8.920948,7.22593,8.287712,7.769507,9.096452,8.431707,7.622052,7.430453,7.036723,6.685099,6.774787
"ENTREZID:29760",7.861087,5.752213,6.776104,7.34163,7.560715,8.240791,6.969243,8.02514,7.208478,4.89724,7.523562,6.782671,6.758889,7.118941,7.552285,7.903279,9.508587,8.015136,8.599169,8.22978,9.322153,8.701133,8.511753,8.216746,7.822093,7.893605,8.257388
"ENTREZID:6497",4,4.169925,4.97728,4.786596,4.89724,4.392317,4.716991,4.465974,4.432959,4.990955,4.177918,5.078951,4.498251,4.776104,4.255501,5.904484,5.995485,6.352264,5.626439,6.394034,5.825277,6.263034,5.714246,5.892391,4.578939,4.50462,4.104337
"ENTREZID:158257",2.678072,2.906891,2.744161,2.655352,3.053111,3.137504,2.887525,3.121015,2.827819,3.485427,2.827819,3.121015,2.722466,2.722466,3,4.643856,4.185867,4.070389,4,5.472488,4.972693,4.50462,4.578939,5.314697,2.70044,2.632268,2.678072
"ENTREZID:255394",3.201634,3.722466,3.678072,3.560715,3.548437,3.510962,3.596935,3.432959,3.584963,3.263034,3.560715,3.201634,3.336283,3.944858,3.666757,5.560715,5.495056,4.300124,3.643856,5.173927,6.031219,3.643856,5.165912,5.066089,3.608809,3.632268,3.93546
"ENTREZID:2208",5,4.412782,4.78136,4.405992,4.990955,5.070389,4.995485,5.05745,5.181898,3.104337,5.825277,4.247928,5.153805,5,3.754888,5.722466,7.098032,5.711495,6.718362,5.277985,7.441284,6.598425,6.380245,5.482203,6.072535,4.69488,5.061776
"ENTREZID:25893",6.708739,8.707704,7.349613,6.726559,8.851749,6.73471,7.321026,7.088523,9.002534,7.330021,7.584211,6.197708,6.402586,6.807355,6.817623,9.093814,9.238405,8.092757,8.884171,8.892998,12.043848,9.269594,9.337399,8.729961,8.498251,7.526695,8.33539
"ENTREZID:100133941",6.549977,3.916477,5.044394,6.652486,7.463524,6.311067,6.320124,6.548437,6.151778,3.906891,6.16792,5.485427,4.224966,6.338068,6.141596,6.534497,8.656782,6.696272,7.281698,6.854245,8.48784,7.273329,7.442943,6.696272,7.347843,7.174926,8.180904
"ENTREZID:56928",2.887525,2.632268,2.655352,2.632268,2.608809,2.678072,2.632268,2.655352,2.655352,2.678072,2.632268,2.655352,2.722466,2.678072,2.632268,4.83289,3.711495,3.596935,3.472488,4.911692,4.78136,2.786596,5.004501,5.173927,2.678072,2.655352,2.485427
"ENTREZID:5101",5.608809,3.916477,4.57289,4.716991,5.776104,7.89603,5.754888,7.985273,4.986411,4.523562,5.501439,4.087463,3.954196,4.517276,4.044394,6.98982,7.981282,6.478972,7.464342,7.911692,8.644938,7.704595,8.118422,6.899659,5.875289,5.765535,5.815063
"ENTREZID:7844",3.711495,4.930737,4.89724,4.754888,3.827819,4.916477,3.867896,4.807355,4.350497,4.465974,3.847997,4.240314,4.626439,3.754888,4.017922,4.655352,5.862947,4.817623,5.173927,4.995485,5.432959,4.161888,6.871597,7.047669,4.949535,5.875289,5.658211
"ENTREZID:58517",5.336283,5.865424,5.877744,5.752213,5.514122,4.459432,5.635174,5.350497,5.307429,5.820179,5.491853,5.837943,5.882643,5.719731,5.185867,7.294621,6.599913,5.918863,6.593951,7.415319,6.996615,6.426265,7.317413,7.478972,5.602884,5.870365,5.008989
"ENTREZID:6622",7.716991,9.645298,8.684398,7.620586,9.699225,7.758223,8.686501,7.947199,9.278914,7.972118,8.527868,7.660353,8.145168,8.033423,8.17742,10.104992,9.381543,9.387371,9.825754,10.101844,13.386671,10.594978,9.908543,10.245315,9.029011,8.854868,8.809286
"ENTREZID:10734",3.364572,3.292782,2.906891,3.350497,4.292782,3.596935,3.321928,3.321928,3.247928,3.867896,2.981853,3.307429,3.596935,3.364572,3.472488,4.510962,6.1127,3.906891,6.061776,3.472488,4.399171,5.004501,3.378512,3.981853,4.209453,4.329124,4.255501
"ENTREZID:640",5.350497,2.292782,4.017922,4.385431,5.995485,6.790511,4.949535,6.081084,4.632268,3.070389,4.916477,4.405992,3.104337,4.678072,5.070389,5.990955,7.380245,6.002252,7.001127,5.797013,6.501439,6.556123,6.407693,6.055282,5.569856,5.50462,6.033423
"ENTREZID:158158",7.317413,7.616916,8.261155,7.696272,7.284477,7.512543,8.225448,7.464342,7.114783,7.658211,7.141596,8.185371,7.811214,8.032872,7.071462,9.360189,9.349171,8.812819,8.978138,10.776433,8.517669,8.673839,10.240553,9.496055,7.886916,7.405992,7.118941
"ENTREZID:11142",6.221104,6.05745,6.259272,5.722466,7.217231,6.915282,6.305606,6.655352,6.421223,5.165912,5.83289,4.872829,4.906891,6.089583,5.705978,6.551516,8.274262,6.718362,7.292782,7.179909,8.554205,7.797662,7.2182,6.733354,6.930737,6.343408,6.259272
"ENTREZID:28396 /// 28442 /// 3493 /// 3494 /// 3500 /// 3502 /// 3507",9.282393,6.776104,6.72792,7.566815,8.533719,9.348949,8.017365,8.262095,8.510171,6.213347,8.510171,7.701826,6.446256,8.132371,8.295998,10.037547,10.541484,9.254556,10.304351,8.355351,9.983136,9.978996,9.520029,8.874674,8.654994,8.400026,8.244126
"ENTREZID:931",9.151778,4.986411,7.331813,8.151778,9.462093,10.425426,8.76288,10.080551,8.169925,6.520422,8.50462,7.764872,6.586465,8.413205,8.406418,9.944712,11.032528,9.713387,10.228698,9.896938,10.227135,10.530114,10.08945,9.400453,9.104599,9.464137,9.739274
"ENTREZID:23008",3.827819,4.137504,3.655352,3.867896,4.070389,3.632268,3.797013,3.89724,3.89724,3.93546,3.925999,3.93546,3.560715,3.472488,3.536053,5.395748,5.449561,4.678072,5.381975,7.115824,6.526695,5.956521,6.77215,6.640968,3.153805,3.632268,3.017922
"ENTREZID:930",6.790511,3.584963,5.074677,5.837943,6.994353,8.320124,6.240314,7.892998,5.498251,4.517276,5.965784,5.053111,5.680887,5.409391,5.259272,7.046578,8.822411,7.431289,8.152792,7.346957,8.004501,7.908693,7.072535,6.791814,7.228819,6.638074,7.066089
"ENTREZID:3725",6.482203,8.150763,8.495455,6.534497,6.493455,6.520422,7.583459,6.826548,7.151778,6.432959,6.076816,6.352264,6.584963,5.608809,5.867896,7.888743,8.318317,8.143638,8.449974,7.181898,7.829088,7.592457,8.166916,8.040564,7.413628,7.331813,7.036723
"ENTREZID:727738",4.247928,4.517276,5.36807,4.255501,4.053111,4.419539,4.465974,4.336283,4.161888,4.608809,4.277985,4.232661,4.459432,4.255501,4.087463,4.277985,6.493455,4.263034,4.89724,4.459432,5.716991,4.336283,5.954196,6.381975,5.221104,6.842979,6.407693
"ENTREZID:6689",6.510962,5.095924,5.643856,6.0917,6.844235,6.903279,5.968091,7.100137,5.847997,4.523562,6.249825,5.632268,5.385431,6.037821,6.240314,6.616181,7.638074,6.590961,7.726559,6.46107,8.172428,7.653203,6.60733,6.327328,7.076816,6.434628,6.925999
"ENTREZID:10098",6.147714,4.791814,5.986411,5.902074,5.974988,5.902074,6,6.002252,5.855491,6.125155,5.514122,5.835419,5.181898,6.074677,5.857981,7.701133,6.211402,6.087463,6.707359,8.33226,10.002393,7.037821,7.442114,7.812498,5.736064,6.044394,6.211402
"ENTREZID:6742",3.678072,4.232661,5.108524,4.754888,4.263034,3.620586,4.852998,4.371559,4.797013,4.69488,4.452859,5.432959,4.277985,3.643856,3.405992,4.986411,6.050937,4.277985,5.61471,6.061776,6.251719,5.044394,6.378512,6.565293,4.689299,4.837943,4.224966
"ENTREZID:100126583 /// 28392 /// 28396 /// 28442 /// 3493 /// 3494 /// 3495 /// 3500 /// 3502 /// 3503 /// 3507",7.407693,6.43796,6.444601,7.046578,7.253611,8.706669,7.086402,8.307884,6.722466,5.281698,7.298292,6.736064,5.921246,6.871597,7.459432,8.219653,8.984418,8.049304,8.610287,7.534497,8.484219,8.391888,9.036998,7.99605,7.761551,7.270529,7.015694
"ENTREZID:65982",5.133399,5.815063,5.429616,4.209453,5.669594,5.329124,5.108524,5.949535,4.716991,5.232661,5.285402,6.276124,5.510962,6.526695,5.375039,7.234578,7.263973,7.282625,6.864186,7.900867,7.089583,6.498251,5.70044,5.632268,5.031219,5.902074,5.646739
"ENTREZID:100133862 /// 3507",5.754888,5.752213,5.584963,4.705978,5.669594,5.602884,5.608809,6.127221,5.649615,4.906891,6.69488,5.442943,3.954196,5.776104,5.456149,7.138528,7.740118,7.037821,6.586465,4.93546,7.159871,6.795715,6.143638,6.793116,6.563768,5.789208,5.596935
"ENTREZID:598",5.860466,6.546894,5.904484,5.802193,6.488644,5.855491,5.855491,5.984134,6.638074,6.266787,5.405992,5.197708,4.770829,5.177918,6.0917,7.729961,6.738768,6.551516,7.443772,5.947199,9.515897,7.452035,6.510962,6.593951,6.699052,6.383704,5.857981
"ENTREZID:973",8.430034,6.345183,7.385431,7.66249,8.773139,9.531381,7.982423,9.07735,7.674545,6.159871,8.005063,7.055282,6.416164,7.653203,7.832257,8.962896,10.361615,8.843293,9.862172,7.782015,9.745506,9.435879,8.810572,7.998308,9.028735,8.34163,8.767853
"ENTREZID:28396 /// 28442 /// 3493 /// 3500 /// 3507",7.815704,5.875289,5.491853,5.827819,6.809929,7.778077,6.21529,6.131343,7.052025,4.716991,7.282625,6.268659,5.137504,6.330917,6.92837,7.8009,8.959422,7.88996,8.67948,6.207502,8.05745,8.422065,7.876517,7.086402,7.168923,6.949535,6.40429
"ENTREZID:2039",6.181898,7.815704,7.137504,6.446256,8.399598,6.357552,6.033423,6.05745,7.51885,6.934281,6.50462,6.488644,6.364572,6.578939,6.332708,8.076816,7.638074,7.48301,7.705287,7.487036,10.356122,8.059615,7.563006,7.415319,8.283088,6.849249,7.095924
"ENTREZID:343171",2.632268,3.153805,3,2.70044,4.008989,2.847997,2.786596,2.925999,3.277985,2.925999,2.632268,2.847997,2.70044,2.906891,3.053111,4.371559,3.827819,4.177918,3.711495,4.087463,8.654278,5.270529,3.711495,4.399171,3.536053,3.070389,3.292782
"ENTREZID:1669",4.491853,2.944858,3.689299,7.29094,3.655352,2.944858,4.542258,3.292782,3.57289,2.944858,3.754888,3.392317,4.916477,2.963474,3.722466,6.226894,4.350497,5.629357,4.50462,6.249825,6.512543,5.177918,3.666757,4.602884,6.32373,4.008989,6.024586
"ENTREZID:3049",2.263034,2.608809,2.459432,2.459432,2.722466,2.169925,2.292782,1.925999,2.459432,2.137504,1.632268,2.350497,1.632268,2.432959,2.137504,3.906891,2.608809,2.485427,4.087463,2.510962,6.345183,3.104337,3.017922,3.944858,2.169925,2.608809,2.560715
"ENTREZID:3848",5.0268,3.857981,3.877744,4.336283,3.847997,3.89724,3.786596,3.887525,3.89724,5.548437,3.847997,4.786596,5.837943,4.986411,4.452859,4.649615,6.261155,4.857981,5.224966,5.277985,8.946029,5.617651,5.705978,4.446256,4.336283,5.719731,5.867896
"ENTREZID:100506979",5.649615,6.797013,6.483816,5.318317,5.974988,5.536053,6.098032,6.118941,7.265849,5.815063,4.446256,4.185867,5.141596,6.223036,5.510962,6.035624,7.303781,6.266787,8.053654,6.67948,8.347843,6.685099,5.491853,6.719731,6.118941,6.778734,6.834155
"ENTREZID:55363",5.336283,6.914086,6.279843,6.40429,6.147714,5.472488,6.578939,6.380245,6.161888,5.070389,5.714246,5.095924,5.757557,6.040016,5.923625,6.791814,7.16792,6.102238,8.032872,6.685099,9.939432,6.480588,6.426265,7.184875,6.135453,6.422906,6.219169
"ENTREZID:100126583 /// 28396 /// 28442 /// 28461 /// 3493 /// 3495 /// 3500 /// 3502 /// 3507",7.799605,5.575917,5.529821,5.73064,6.672425,7.214319,6.179909,5.857981,6.697663,4.705978,7.188836,6.193772,5.181898,6.195741,6.911692,7.778077,9.164153,7.250772,8.388448,5.736064,7.769507,7.954196,7.791163,6.77742,6.676662,6.785289,5.921246
"ENTREZID:3934",5.584963,8.975561,7.643856,6.255501,8.497852,5.523562,6.002252,5.9331,7.98014,6.289097,5.426265,5.209453,5.894818,6.074677,5.827819,7.301039,7.837943,7.0268,8.795715,7.465974,9.029287,7.977852,5.970394,7.661778,7.969243,6.185867,7.609548
"ENTREZID:100132733 /// 284232 /// 391267 /// 441425 /// 441430 /// 728747 /// 84210",4.523562,5.1127,5.422906,3.608809,5.181898,3.776104,4.655352,4.705978,7.214319,6.539159,6.431289,4.161888,5.193772,6.129283,6.397461,7.050937,5.361066,8.142107,5.940167,7.776762,5.221104,6.147714,7.873444,5.416164,6.599913,6.33985,4.292782
"ENTREZID:54674",6.296457,5,7.672425,4.744161,6.92837,4.683696,4.536053,5.797013,5.652486,5.419539,5.666757,7.847371,6.994353,8.740793,7.108524,8.971544,9.856114,7.206526,8.095397,8.539934,7.900263,5.655352,7.941341,8.019591,6.758889,4.70044,6
"ENTREZID:306",2.263034,8.789208,4.044394,4.270529,3.887525,2.321928,2.350497,2.292782,3.292782,2.292782,3,2.378512,2.350497,2.510962,2.292782,3.877744,4.802193,5.482203,4.357552,5.361066,5.860466,3.523562,2.232661,5.232661,4.89724,3.786596,4.776104
"ENTREZID:3703",7.430453,6.809929,6.498251,7.256445,7.212375,6.831624,6.774787,7.060696,7.042207,7.256445,6.865424,7.105385,7.290019,7.135453,7.0268,5.236493,5.149747,5.022368,4.683696,5.0917,4.69488,5.416164,5.0917,5.789208,6.244126,6.387156,6.046578
"ENTREZID:6184",9.971544,9.478972,9.622235,9.977852,9.820658,9.523562,9.598983,9.540903,9.743993,9.590026,9.527282,9.433585,9.687026,9.575539,9.690173,8.347843,8.397889,8.394034,7.839204,8.049849,8.304694,8.104861,8.398744,8.614342,9.211402,9.186114,8.802193
"ENTREZID:6773",6.093814,6.565293,5.536053,6.024586,6.006747,5.652486,5.902074,5.593951,6.230741,6.240314,5.997744,4.882643,5.847997,6.161888,5.914086,3.137504,4.566815,4.061776,4.392317,3.972693,4.217231,3.620586,4.459432,4.560715,4.672425,4.958843,4.371559
"ENTREZID:8754",4.292782,5.563768,4.385431,4.078951,5.32553,4.760221,4.683696,4.542258,5.165912,4.584963,5.061776,4.255501,4.916477,4.169925,5.270529,2.786596,2.678072,2.722466,3.754888,2.70044,2.722466,3.201634,2.786596,2.655352,3.877744,2.906891,3.608809
"ENTREZID:5272",5.244126,5.213347,4.940167,4.802193,4.857981,4.661065,5.669594,4.754888,5.205549,4.847997,5.078951,4.536053,4.57289,5.491853,5.017922,3,3,2.744161,3.944858,3.232661,2.70044,3.017922,2.70044,3.121015,4.536053,4.153805,3.643856
"ENTREZID:10189",8.714589,8.447083,8.350055,8.605109,8.589464,8.835735,8.502633,8.436295,9.369597,8.923327,8.721441,8.518456,8.350497,8.805744,8.827501,5.703211,6.678072,5.817623,6.620586,4.968091,4.678072,6.627899,6.390599,6.236493,8.005625,7.392317,7.087463
"ENTREZID:22820",6.738768,6.569856,6.707359,6.880196,6.874059,6.560715,6.84549,6.380245,6.757557,6.915282,6.446256,6.230741,6.431289,6.542258,6.640968,5.173927,5.193772,5.488644,5.247928,5.040016,4.459432,5.228819,5.108524,5.083213,6.312883,6.011227,5.9331
"ENTREZID:5586",4.817623,4.491853,4.765535,4.292782,4.510962,4.201634,5.307429,4.738768,4.817623,4.478972,4.916477,4.882643,3.498251,4.560715,4.209453,3.247928,3.292782,3.137504,3.392317,3.711495,3.350497,2.536053,3.137504,3.277985,3.485427,3.711495,3.432959
"ENTREZID:135114",5.031219,6.940167,7.075747,6.311067,6.93546,7.145677,6.980711,6.15583,6.731998,6.60585,6.715619,6.89603,5.655352,6.436295,6.744161,4.292782,3.797013,4.847997,5.462707,5.336283,4.584963,5.209453,5.104337,4.329124,4.69488,4.439623,5.078951
"ENTREZID:79228",6.412782,6.137504,6.690696,6.44791,5.981853,6.549977,6.159871,6.414474,6.004501,6.528259,6.629357,6.185867,6.745506,6.73064,6.682292,5.517276,4.83289,4.812498,5.542258,5.074677,5.596935,5.318317,5.36807,5.478972,5.847997,5.847997,5.744161
"ENTREZID:9410",7.175924,6.729281,6.97728,7.369815,7.224966,7.0268,7.004501,6.966938,7.059615,7.146696,7.227857,6.782671,7.275193,7.513333,7.179909,4.095924,4.760221,4.523562,4.329124,4.378512,4.958843,5.074677,4.523562,5.292782,6.638074,6.574404,6.311067
"ENTREZID:85406",6.785289,6.316508,5.817623,6.542258,6.32373,6.0268,6.554589,6.346957,6.392317,6.770829,6.35931,5.887525,5.997744,6.590961,6.536053,4.78136,4.78136,5.266787,4.560715,4.566815,4.161888,4.949535,4.791814,4.548437,6.118941,5.877744,5.100137
"ENTREZID:4194",6.716991,6.716991,5.925999,6.446256,6.177918,5.986411,6.263034,6.69488,5.563768,6.613237,7.084277,6.345183,5.536053,7.252665,6.93546,4.578939,3.711495,3.722466,4.044394,4.716991,5.161888,4.321928,4.911692,4.857981,5.236493,5.74685,4.716991
"ENTREZID:6294",6.329124,5.885086,5.74685,6.072535,5.956521,6.221104,6.303781,6.055282,5.947199,6.442943,5.773469,5.575917,5.716991,6.491853,6.171927,4.862947,4.862947,4.459432,4.419539,4.017922,4.307429,4.350497,4.872829,4.285402,5.995485,5.381975,4.847997
"ENTREZID:382",8.60622,8.510171,7.908092,8.886916,8.678424,8.596935,8.5519,8.385431,8.60696,8.889352,8.592831,8.190812,8.365448,8.597308,8.283551,5.914086,5.61471,5.405992,6.100137,5.392317,4.93546,5.972693,6.173927,5.409391,8.198199,7.93251,7.477354
"ENTREZID:51426",5.350497,6.857981,6.887525,5.683696,6.790511,6.849249,6.715619,7.032321,6.78398,6.416164,6.74685,7.138528,5.193772,6.467606,5.786596,3.954196,4.053111,4.560715,4.405992,4.0268,3.689299,4.716991,3.906891,5.125155,5.236493,5.321928,5.303781
"ENTREZID:56993",7.432959,7.168923,7.238405,7.569096,7.352264,7.363697,6.924813,7.098032,7.159871,7.499049,7.425426,6.829088,7.427103,7.603626,7.566054,5.05745,5,4.78136,5.149747,5.095924,5.040016,4.705978,5.303781,5.517276,6.780048,6.996615,6.753551
"ENTREZID:10093",9.719731,9.294621,9.446256,9.538771,9.771489,9.635899,9.520619,9.443358,9.690173,9.669062,9.824481,8.793766,8.705287,9.51432,9.795715,7.43796,7.204571,7.390599,7.827184,6.957682,7.561479,7.60733,6.787903,7.954778,9.432333,8.815704,8.277985
"ENTREZID:835",5.307429,5.357552,5.224966,5.307429,5.635174,5.584963,6.193772,5.388878,5.812498,6.663914,5.963474,6.015694,4.672425,5.482203,5.510962,2.807355,2.786596,2.827819,2.827819,3.632268,2.981853,2.925999,3.104337,3.906891,5.542258,4.82273,4.232661
"ENTREZID:84146",6.678072,6.159871,5.815063,6.296457,6.472488,5.794416,6.285402,5.89724,6.343408,6.16792,6.264912,6.318317,6.020147,6.537607,6,5.185867,4.314697,4.643856,4.69488,4.83289,5.201634,4.93546,5.232661,5.311067,5.733354,5.815063,5.617651
"ENTREZID:5928",10.139551,10.063934,10.020147,10.319898,10.168045,10.100794,10.174676,10.081483,10.0979,10.075479,10.168296,9.810732,10.151651,9.928814,10.15621,8.593951,8.841407,8.870981,8.90147,8.353588,8.398744,8.894818,8.793441,8.980425,9.923773,9.75054,9.858136
"ENTREZID:55322",6.776104,6.857981,6.387156,6.769507,6.69488,6.534497,6.666757,6.540709,6.689299,6.604368,6.830357,6.416164,6.924813,7.054197,6.802193,5.529821,5.031219,5.303781,4.949535,4.620586,5.412782,5.332708,4.837943,5.449561,6.378512,6.693487,5.988685
"ENTREZID:118460",5.965784,5.857981,5.820179,6.568336,5.768184,5.569856,5.632268,5.510962,6.1127,5.993221,5.860466,5.285402,5.32553,6.102238,5.855491,4.958843,4.426265,4.620586,4.378512,3.722466,3.419539,4.017922,4.802193,4.485427,5.608809,5.145677,4.655352
"ENTREZID:10313",9.674369,10.474213,10.071194,9.942368,10.222674,9.726048,10.237449,9.676486,9.707877,9.860311,9.930737,9.519636,10.21128,9.752213,9.965784,8.163398,7.791163,7.92303,8.011786,8.096452,8.538383,8.841407,7.948951,8.46107,9.861087,9.478163,9.398316
"ENTREZID:1399",6.860466,6.083213,5.69488,6.008989,6.048759,6.376777,6.490249,5.663914,6.686501,6.207502,6.153805,5.623516,5.040016,6.613237,6.343408,4.087463,4.185867,4.765535,4.770829,4.300124,4.770829,4.491853,4.378512,3.89724,5.593951,5.318317,5.70044
"ENTREZID:29766",7.578939,7.732676,7.063934,7.390599,7.577429,7.132371,7.019035,6.887525,7.584211,6.97728,7.269594,6.902074,6.629357,7.020147,7.250772,5.88996,5.970394,5.807355,5.70044,5.855491,5.802193,5.557655,6.266787,6.228819,6.740118,7.151778,6.599913
"ENTREZID:2799",8.685099,8.770168,7.891176,7.854868,8.171927,8.496255,8.357112,7.714932,8.2293,8.679128,8.575917,7.83289,8.039467,8.181401,9.060696,6.449561,6.816344,6.78136,7.190812,6.638074,6.551516,7.586465,6.830357,7.076816,7.799605,7.973267,7.476544
"ENTREZID:1968",9.924367,9.504223,10.030943,9.604183,9.669062,9.257859,9.817623,10.408011,9.405567,10.340518,9.170676,10.027768,8.938403,10.304123,10.125284,8.253611,7.246978,6.793116,7.630813,7.493455,6.73064,6.546894,8.548051,7.974988,9.583459,9.268191,8.074141
"ENTREZID:64581",9.390169,10.33282,9.674722,9.42857,9.218684,9.555739,10.1876,9.555931,9.818422,9.713387,10.212375,9.154312,10.635899,9.215776,10.37797,8.415319,8.572132,7.951868,8.551131,8.564531,8.422906,8.572132,8.563006,8.563006,9.330245,8.992938,9.16541
"ENTREZID:1368",6.725196,7.304694,7.47978,6.723832,7.209453,6.971544,7.629357,7.211402,7.116864,7.119979,7.297375,6.841722,6.847997,6.854245,7.352264,6.314697,5.78398,5.778734,5.744161,6.159871,5.371559,6.733354,5.877744,5.847997,6.726559,6.993221,5.993221
"ENTREZID:1522",8.236493,8.694532,8.556889,7.78398,8.788555,8.563006,8.77182,8.577429,7.992655,8.778406,8.550747,8.003939,8.801223,7.943687,8.149239,7.240314,7.259272,6.854245,7.772809,6.852998,7.282625,8.250772,6.806066,7.590213,7.864186,7.556889,7.243174
"ENTREZID:334",10.688075,11.512197,11.116604,10.909368,10.992655,10.7303,11.196787,10.817303,10.607885,10.952596,11.118746,10.337622,11.650917,10.58684,11.164593,9.652486,9.530601,9.661778,10.29071,9.076548,9.148222,10.343408,9.025416,9.301953,10.798067,10.122957,10.169925
"ENTREZID:4238",6.726559,6.294621,5.491853,5.892391,5.776104,5.53294,6.151778,5.442943,5.82273,6.006747,5.852998,6.116864,5.906891,6.314697,6.008989,4.472488,3.877744,5.008989,3.472488,3.711495,4.643856,4.847997,3.584963,4.827819,5.33985,5.452859,5.426265
"ENTREZID:10114",6.104337,6.716991,5.165912,5.61471,5.773469,6.015694,5.877744,5.632268,5.629357,5.371559,6.118941,4.940167,5.432959,5.385431,6.394034,3.277985,3.201634,4.797013,3.925999,3.392317,3.827819,5.165912,4.169925,3.847997,4.666757,5.078951,5.165912
"ENTREZID:9444",7.405992,7.807999,7.076816,6.856737,7.312883,7.779391,7.994919,7.734032,7.410239,7.6858,7.737416,6.986411,7.286327,7.660353,8.042207,5.817623,6.343408,5.749534,6.470862,6.05745,6.106432,6.76288,6.263034,6.409391,7.427941,7.074677,6.740118
"ENTREZID:10491",9.309704,9.983421,9.512938,8.782343,9.619303,9.542258,9.700266,9.465566,9.407268,9.371341,9.740624,9.148985,9.460046,9.207502,10.279378,7.937815,7.780704,7.818902,7.8009,8.050937,7.81954,8.851749,7.513333,8.122051,9.374605,9.124897,8.994353
"ENTREZID:10277",6.268659,6.1127,5.827819,6.169925,6.100137,6.412782,5.817623,5.9331,5.963474,6.175924,6.307429,5.885086,6.002252,6.157852,6.46107,5.013462,4.892391,5.78136,4.523562,4.378512,5.053111,4.070389,4.765535,4.661065,5.78136,5.714246,5.809929
"ENTREZID:2130 /// 2313",8.933986,8.79214,8.582707,8.663202,8.960292,8.833523,8.870673,8.668176,8.765203,8.946906,8.669948,8.186857,8.469642,8.60585,8.976421,7.750874,7.390599,7.195741,7.627169,6.940167,6.911692,7.216261,7.304694,7.601399,8.805099,8.543032,8.314243
"ENTREZID:10008",7.816344,8.108002,7.250772,6.818902,7.574404,7.83289,7.758889,7.195741,7.453682,7.78986,7.997179,7.024586,7.002252,7.560715,8.360189,5.89724,5.240314,5.364572,5.209453,5.526695,5.074677,5.82273,5.066089,5.584963,7.185867,7.716305,6.972693
"ENTREZID:54890",7.543805,7.525129,7.59768,7.834155,7.834155,7.608809,7.497453,7.522778,7.360189,7.427941,7.490249,7.049849,7.661065,7.460251,7.505415,5.658211,5.768184,5.940167,7.068241,5.300124,5.736064,6.449561,5.815063,5.240314,7.345183,7.195741,7.10957
"ENTREZID:51107",6.855491,6.65392,6.525129,6.289097,6.704595,7.003377,6.998872,7.116864,6.865424,7.004501,6.927185,6.171927,6.707359,6.990955,6.956521,5.311067,5.311067,5.452859,5.733354,4.857981,4.277985,5.760221,5.116864,5.736064,6.956521,6.266787,5.949535
"ENTREZID:9191",6.137504,6.77215,5.9331,6.102238,6.121015,6.024586,6.213347,6.017922,6.457791,6.1127,5.850499,6.106432,6.015694,6.205549,6.716991,4.336283,4.145677,3.57289,4.672425,4.145677,4.399171,4.78136,4.232661,4.655352,6.004501,6.125155,5.96116
"ENTREZID:29946",6.279843,6.869131,6.452859,6.483816,6.77215,5.860466,6.689299,6.259272,6.787903,5.949535,6.67948,6.366322,6.426265,6.568336,6.795715,5.165912,4.217231,5.228819,5.336283,4.968091,5.944858,5.137504,5.165912,5.189825,6.236493,6.020147,6.078951
"ENTREZID:56929",6.958843,6.390599,5.860466,6.757557,6.623516,6.070389,6.526695,6.145677,6.312883,6.608809,6.774787,6.611763,6.622052,6.911692,6.643856,4.990955,4.906891,5.658211,4.104337,5.270529,5.354029,5.392317,4.378512,4.491853,5.872829,6.106432,6.432959
"ENTREZID:6418 /// 642869",9.354029,9.33673,9.29485,9.653562,9.581201,9.547087,9.771655,9.567576,9.677191,9.759888,9.304694,9.624795,9.334273,9.642774,9.43567,7.894818,7.57289,7.054197,8.065012,8.643495,8.048214,7.627169,7.903279,8.308794,9.350718,9.481799,9.238405
"ENTREZID:65220",7.706669,7.558421,7.322829,6.887525,7.070389,6.974988,7.305606,7,7.278914,7.235536,7.514122,6.219169,7.246978,6.943687,7.824004,5.741467,6.143638,5.76288,6.640968,5.84549,6.040016,6.127221,5.78398,5.872829,7.287251,6.669594,6.224966
"ENTREZID:5216",12.92385,12.77933,12.67913,13.01773,12.80967,12.94152,12.64431,12.86637,12.81178,12.96394,12.80967,12.5652,12.64431,12.88956,12.90143,11.73923,11.59105,11.15962,11.82285,11.09843,11.14089,11.57653,11.58101,11.46102,13.03172,12.67068,12.53566
"ENTREZID:79718",8.514911,8.584211,8.931624,9.329796,9.088788,8.767853,8.571753,8.877131,8.656067,8.706323,8.803162,8.78136,8.551131,9.044121,8.779719,7.910493,7.60807,8.043301,6.786596,7.136479,7.286327,7.95245,7.445429,7.393176,8.321928,8.617651,8.732676
"ENTREZID:115825",7.762216,7.654636,7.304694,6.934281,6.791814,7.241268,7.514911,7.231701,6.568336,7.570615,8.049304,7.277055,6.454505,7.123087,7.364572,5.904484,5.209453,6.274262,5.602884,6.665336,5.88996,6.395748,5.575917,5.354029,6.821455,6.131343,6.955359
"ENTREZID:81619",8.436712,8.271463,7.98698,8.138016,7.916477,8.003377,8.214319,7.691395,8.333603,8.058533,7.745506,8.038919,8.114783,8.969818,7.761551,6.665336,6.554589,5.904484,7.156842,7.577429,7.15583,6.161888,6.276124,7.061776,7.832257,7.89603,7.169925
"ENTREZID:9040",7.395748,7.602142,7.210428,7.300124,7.275193,7.249825,7.127221,6.900867,7.058533,6.997744,7.070389,6.590961,7.045487,7.331813,7.482203,5.498251,6.125155,5.281698,5.765535,5.066089,5.381975,5.809929,5.004501,5.296457,7.547666,6.905688,6.633722
"ENTREZID:10659",8.193279,8.115304,7.767522,7.976134,8.03177,7.905086,7.951868,7.860466,7.891176,7.768184,7.710118,7.708739,7.936638,7.837313,7.946614,6.127221,6.102238,5.837943,6.338068,5.930737,6.292782,6.102238,6.110614,5.902074,8.006186,8.091171,7.82273
"ENTREZID:8760",6.972693,7.465974,6.862947,7.439623,7.354029,6.82273,6.891176,6.851749,6.869131,6.957682,6.968091,6.61471,7.151778,6.940167,6.995485,5.307429,5.963474,4.666757,5.972693,4.78136,5.92837,6.008989,5.36807,5.498251,7.007868,6.718362,6.611763
"ENTREZID:6892",7.959422,7.268659,6.669594,7.164907,7.178914,7.538383,7.578939,7.538383,7.396605,7.518063,7.208478,6.812498,6.645298,7.499846,7.731319,6.050937,6.189825,6.199672,6.503031,5.672425,5.165912,5.536053,5.862947,5.465974,7.60807,6.899659,6.104337
"ENTREZID:10489",6.345183,6.137504,6.145677,6.125155,6.102238,6.046578,5.993221,5.97728,6.205549,6.240314,6.207502,5.830357,5.894818,6.309249,6.525129,4.578939,5.385431,3.827819,4.847997,4.104337,3.620586,5.371559,4.432959,4.357552,6.203593,6.063934,5.266787
"ENTREZID:11261",6.894818,6.88996,6.230741,6.1918,6.259272,6.839204,7.321928,6.338068,6.449561,6.782671,7.071462,6.114783,6.205549,6.856737,7.402586,5.104337,4.911692,4.584963,4.510962,6.100137,4.906891,5.300124,5.173927,6.221104,6.274262,6.070389,6.011227
"ENTREZID:27236",6.921246,7.114783,6.545351,6.639522,6.827819,6.818902,6.390599,6.546894,6.965784,6.542258,6.817623,6.5157,6.92837,6.307429,6.610287,4.949535,4.911692,5.57289,5.465974,5.350497,5.381975,5.89724,5.251719,5.385431,6.645298,6.831624,6.388878
"ENTREZID:3916",8.111657,7.537607,7.83289,7.649615,7.806711,7.938403,8.038919,7.760886,8.032321,7.959422,7.641691,6.697663,5.017922,8.095397,8.125672,5.852998,5.972693,5.201634,5.361066,5.321928,5.357552,5.436295,5.469235,6.127221,7.349613,7.032321,6.467606
"ENTREZID:126364",9.296916,9.267957,8.719731,8.624613,8.841407,8.896332,8.953614,8.574783,8.635537,9.385431,9.538577,8.109047,8.909593,8.661422,9.131857,6.877744,7.387156,7.725196,8.805099,6.93546,7.583459,7.684398,6.96116,7.027906,8.914684,8.415319,7.868514
"ENTREZID:51313",7.082149,8.442943,7.367196,6.799605,7.277055,7.775446,6.981853,7.353147,7.134426,7.60659,7.78986,7.234578,7.791163,6.577429,8.512543,5.436295,5.277985,6.281698,5.804776,5.882643,6.487036,7.203593,5.672425,5.733354,6.566815,6.862947,6.948367
"ENTREZID:27304",5.655352,5.307429,4.72792,5.545351,5.083213,5.281698,5.332708,5.177918,5.452859,5.044394,4.847997,4.661065,5.797013,5.05745,4.944858,4.185867,4.044394,3.336283,3.432959,3.498251,4.1127,4.517276,4.035624,3.472488,5.426265,5,4.419539
"ENTREZID:54491",5.53294,6.055282,5.074677,5.749534,5.867896,5.89724,5.680887,5.416164,5.714246,6.514122,6.171927,6.033423,5.635174,5.635174,6.920055,4.916477,4.053111,5.292782,3.536053,5.465974,4.944858,4.968091,4.765535,4.925999,5.169925,4.89724,4.921246
"ENTREZID:10204",8.260214,8.459022,8.424586,7.849249,8.710118,8.374605,8.577051,8.33226,8.618753,8.921543,8.508587,8.125672,7.802839,8.602884,8.380678,6.737416,6.894818,5.244126,6.793116,7.058533,7.516488,6.829088,7.265849,7.573647,8.394034,8.076816,7.753551
"ENTREZID:6272",5.292782,6.008989,4.643856,4.329124,4.560715,5.321928,5.116864,5.498251,4.857981,5.485427,5.638074,4.50462,4.892391,4.852998,6.566815,3.867896,3.584963,3.867896,4.412782,3.498251,3.877744,4.517276,3.857981,3.498251,3.981853,4.517276,4.916477
"ENTREZID:5321",6.217231,7.620586,6.909293,6.279843,6.872829,6.770829,6.381975,5.947199,7.22978,6.733354,7.001127,6.487036,7.059615,6.53294,7.682995,5.733354,4.89724,5.378512,5.472488,5.469235,6.0268,6.375039,4.426265,5.498251,6.409391,5.865424,6.292782
"ENTREZID:406991",9.645839,9.966505,10.246859,9.051481,10.090509,9.707359,10.35105,9.043574,10.165158,9.795877,10.154312,9.911242,10.454196,9.542258,10.384784,8.193772,7.828454,7.878971,8.958553,9.265615,9.349392,8.922436,8.837943,9.081084,9.250062,9.417431,9.382408
"ENTREZID:2760",6.72792,7.078951,6.831624,5.990955,6.520422,6.411087,6.553053,6.195741,6.442943,6.517276,6.352264,5.904484,5.50462,5.776104,7.277985,4.786596,5.004501,4.906891,5.940167,4.277985,4.69488,5.837943,5.311067,4.672425,6.312883,5.993221,5.523562
"ENTREZID:65124",5.827819,5.885086,5.53294,5.137504,5.292782,4.770829,4.666757,5.083213,4.972693,5.872829,5.757557,6.055282,6.199672,5.285402,5.852998,4.070389,3.632268,4.201634,3.837943,5.044394,4.169925,4.892391,2.944858,4.078951,5.569856,4.711495,4.459432
"ENTREZID:10658",8.202614,7.461889,7.185867,7.594698,7.318317,8.108002,8.116864,8.193772,8.062856,8.15127,8.138016,7.729281,7.152792,8.117383,8.221104,6.867896,6.940167,6.318317,5.804776,6.338068,6.114783,7.100137,6.651052,6.553053,7.726559,7.747522,7.631541
"ENTREZID:2289",8.057992,8.026247,7.827184,7.011227,7.556889,8.005063,8.601399,7.498251,7.535275,8.407268,7.483816,8.397889,7.760221,8.329124,8.68545,7.053111,7.528259,5.165912,7.81314,5.760221,6.100137,6.546894,6.506208,6.307429,7.67101,7.1918,6.729281
"ENTREZID:57182",6.811214,7.878358,7.380245,6.820179,7.236493,6.630813,7.210428,6.659639,6.646739,7.334497,7.394891,7.128252,7.818902,6.601399,7.226894,5.0268,5.548437,5.652486,5.318317,6.496654,6.581954,6.642413,4.872829,6.483816,6.380245,6.412782,6.948367
"ENTREZID:51571",8.164907,8.354029,8.371559,8.432959,8.32328,8.307884,8.750205,8.707014,8.417009,8.357552,8.019591,8.440039,6.093814,8.104861,8.497852,7.205549,6.651052,6.927185,5.984134,7.364572,6.659639,7.046578,7.178914,6.760221,8.20799,7.576673,7.640968
"ENTREZID:5551",11.718961,9.595444,10.85479,11.203899,11.096056,10.606035,11.988472,11.771943,11.39033,11.580494,9.946029,10.348728,10.524346,11.038027,10.639069,9.606405,8.750205,8.782671,9.076281,7.852373,7.395748,9.286558,8.950702,8.951576,11.63245,10.728176,10.006186
"ENTREZID:7803",7.397461,7.755555,7.310158,7.400026,7.549977,6.736064,7.08534,6.950702,7.074677,6.847997,6.83289,6.741467,5.635174,6.79831,7.053111,3.906891,5.584963,3.807355,5.626439,4.57289,5.296457,4.738768,5.491853,5.678072,6.88996,7.1918,6.971544
"ENTREZID:57498",5.405992,5.83289,5.247928,5.395748,5.185867,5.296457,5.074677,6.131343,5.459432,5.827819,5.557655,6.066089,5.860466,5.185867,5.672425,4.578939,3.877744,4.446256,3.307429,5.129283,3.292782,4.399171,4.954196,4.419539,5.426265,5.035624,5.635174
"ENTREZID:259291",6,5.263034,5.757557,5.181898,5.744161,5.405992,6.646739,6.412782,6.163901,5.902074,6.022368,6.048759,5.048759,6.217231,5.498251,5.381975,4.491853,3,4.852998,4.847997,4.177918,4.061776,5.76288,4.620586,5.557655,4.478972,5.405992
"ENTREZID:10432",7.427941,6.812498,6.303781,6.757557,6.627899,6.996615,6.151778,7.015694,6.988685,7.011227,6.807355,6.171927,4.378512,7.498251,7.568336,5.100137,5.022368,4.82273,5.095924,4.968091,3.666757,4.877744,5.05745,4.857981,7.255501,6.385431,5.944858
"ENTREZID:3759",6.300124,5.74685,5.760221,5.640968,5.296457,5.584963,5.536053,4.666757,5.617651,5.61471,5.870365,5.84549,6.900867,5.578939,6.521993,4.906891,4.129283,5.121015,5.161888,4.255501,5.968091,5.314697,3.263034,3.776104,5.303781,4.405992,4.765535
"ENTREZID:399753",7.0917,7.013462,6.859224,7.268659,7.171927,7.181898,8.040564,8.021258,7.520422,7.981282,7.772809,7.599913,6.106432,8.698357,7.436295,7.044394,6.630813,5.399171,6.024586,6.841722,5.399171,5.495056,6.711495,6.3733,7.012345,6.837943,6.956521
"ENTREZID:54901",5.129283,6.589464,6.257388,5.557655,6.543805,3.321928,5.949535,6.249825,6.261155,5.456149,5.121015,3.744161,5.850499,5.040016,6.108524,4.432959,4.240314,4.371559,4.247928,4.364572,3.906891,3.744161,3.867896,3.744161,4.426265,5.53294,3.765535
"ENTREZID:388",6.765535,7.380245,6.861707,6.063934,6.171927,5.825277,6.514122,5.314697,6.716991,6.655352,6.05745,5.442943,4.981853,5.658211,6.375039,5.022368,5.153805,4.578939,5.405992,4.930737,4.336283,5.004501,4.925999,4.270529,6.67101,5.870365,5.137504
"ENTREZID:79901",5.501439,5.725196,5.385431,5.116864,5.523562,5.825277,5.517276,5.296457,4.364572,6.610287,5.88996,5.100137,5.860466,4.554589,6.626439,4.232661,3.498251,4.542258,3.632268,3.754888,5.536053,5.0268,3.307429,4.044394,4.958843,5.629357,5.008989
"ENTREZID:9022",8.548822,7.512543,9.164656,8.639883,7.962318,7.676662,9.492855,9.320124,8.395748,9.049304,6.88142,7.522778,8.137504,8.889656,8.280307,7.745506,5.815063,5.944858,6.371559,5.683696,6.139551,6.931919,7.813781,8.043848,8.399598,8.447497,7.557655
"ENTREZID:7531",7.090642,7.714932,6.965784,7.128252,7.406843,7.309249,7.067165,7.144658,7.573647,7.35931,6.888743,6.693487,6.343408,7.353147,7.736064,5.995485,5.887525,5.149747,6.042207,4.426265,5.76288,5.817623,5.719731,5.663914,8.430871,7.536053,6.98982
"ENTREZID:645744",6.874059,6.514122,6.924813,7.641691,7.196725,6.877744,7.174926,6.882643,7.23362,7.286327,6.540709,7.055282,5.1127,7.422065,7.108524,4.791814,5.840463,6.081084,6.015694,5.663914,3.847997,5.482203,6.584963,5.847997,6.960002,6.584963,7.008989
"ENTREZID:3458",6.70044,5.277985,5.270529,7.694184,6.546894,6.521993,6.006747,6.343408,7.065012,6.321928,6.078951,7.462707,5.951868,5.626439,5.786596,4.963474,4.078951,6.327328,4.510962,4.070389,4.930737,6.309249,4.963474,5.442943,5.942515,5.902074,6.002252
"ENTREZID:28590",6.876517,6.78398,7.188836,10.163775,6.972693,7.457791,6.559186,6.539159,7.303781,6.817623,7.860466,8.770499,6.321928,7.453682,7.004501,6.643856,7.169925,5.804776,6.0917,5.661065,5.92837,6.044394,6.098032,6.707359,6.255501,6.539159,6.577429
"ENTREZID:2537",8.1127,9.795877,7.749534,8.223519,7.508587,7.255501,7.678776,7.34074,7.53683,7.871597,7.656782,7.055282,7.230741,7.795066,6.909293,5.666757,7.820179,4.620586,8.775116,4.842979,7.017922,5.799605,7.312883,5.332708,7.266787,6.553053,6.636625
"ENTREZID:4818",13.216049,11.794375,12.774581,13.542524,12.877169,12.576012,13.202338,13.26563,13.292523,13.051753,12.294908,13.069953,12.572582,12.571539,12.448633,11.701523,10.346846,12.112407,12.066527,9.861552,10.228698,11.967875,11.735302,12.321787,13.405394,13.305706,12.576012
"ENTREZID:4069",15.071538,15.704452,15.497172,11.266962,13.86346,15.143798,15.314948,15.650917,15.627973,15.48214,15.33077,15.468691,15.401443,14.866371,15.629294,9.733185,13.904343,13.403278,9.791489,13.939148,11.279843,14.271696,13.973437,14.042523,14.827338,14.955241,15.463416
"ENTREZID:10219",9.54593,7.930737,7.246978,10.013462,9.39532,9.410875,8.975275,9.178167,9.543225,9.735894,9.050121,9.706496,7.914684,8.753885,7.915879,7.892998,5.995485,8.527868,6.219169,7.499846,6.044394,8.216261,6.986411,8.5157,9.157347,9.425636,9.327328
"ENTREZID:267",8.076281,3,6.557655,7.021258,5.061776,3.678072,4.608809,4.791814,4.867896,5.247928,8.086932,6.531381,6.885086,5,8.217231,4.944858,4.638074,3.560715,4.944858,4.145677,3.93546,3.689299,5.121015,3.560715,4.478972,6.725196,3.392317
